-- phpMyAdmin SQL Dump
-- version 5.0.2
-- https://www.phpmyadmin.net/
--
-- Host: 127.0.0.1
-- Generation Time: May 18, 2020 at 09:09 AM
-- Server version: 10.4.11-MariaDB
-- PHP Version: 7.4.5

SET SQL_MODE = "NO_AUTO_VALUE_ON_ZERO";
START TRANSACTION;
SET time_zone = "+00:00";


/*!40101 SET @OLD_CHARACTER_SET_CLIENT=@@CHARACTER_SET_CLIENT */;
/*!40101 SET @OLD_CHARACTER_SET_RESULTS=@@CHARACTER_SET_RESULTS */;
/*!40101 SET @OLD_COLLATION_CONNECTION=@@COLLATION_CONNECTION */;
/*!40101 SET NAMES utf8mb4 */;

--
-- Database: `njajan.com`
--

-- --------------------------------------------------------

--
-- Table structure for table `admin`
--

CREATE TABLE `admin` (
  `id_adm` int(11) NOT NULL,
  `nama_adm` varchar(50) NOT NULL,
  `telp_adm` varchar(15) NOT NULL,
  `user_adm` varchar(50) NOT NULL,
  `pass_adm` varchar(100) NOT NULL,
  `foto_adm` text NOT NULL
) ENGINE=InnoDB DEFAULT CHARSET=latin1;

--
-- Dumping data for table `admin`
--

INSERT INTO `admin` (`id_adm`, `nama_adm`, `telp_adm`, `user_adm`, `pass_adm`, `foto_adm`) VALUES
(1, 'Administrator', '08962878534', 'admin', 'admin', 'user.jpg');

-- --------------------------------------------------------

--
-- Table structure for table `barangjasa`
--

CREATE TABLE `barangjasa` (
  `id_brg` int(11) NOT NULL,
  `nama` varchar(100) NOT NULL,
  `jenis` varchar(20) NOT NULL,
  `stok` varchar(10) NOT NULL,
  `harga` varchar(20) NOT NULL,
  `keterangan` text NOT NULL,
  `id_adm` int(11) NOT NULL
) ENGINE=InnoDB DEFAULT CHARSET=latin1;

--
-- Dumping data for table `barangjasa`
--

INSERT INTO `barangjasa` (`id_brg`, `nama`, `jenis`, `stok`, `harga`, `keterangan`, `id_adm`) VALUES
(1, 'Lumpia', 'barang', '7', '35000', 'rasa ayam', 1),
(4, 'Jus melon', 'jasa', '1', '5000', 'Ekonomis', 1),
(5, 'Kue Tart', 'barang', '7', '175000', '2 tingkat', 1),
(6, 'Donat', 'barang', '49', '45000', 'bocil', 1),
(7, 'just mangga', 'jasa', '1', '5000', 'ekonomis', 1),
(8, 'jus mangga', 'jasa', '1', '6000', 'ekonomis', 1),
(9, 'Marimas', 'jasa', '1', '3000', 'Plastikan', 1),
(10, 'Kue Apem', 'barang', '0', '4000', 'Enak', 1),
(11, 'Cake Rainbow', 'barang', '0', '45000', 'Merah, Kuning Hijau', 1),
(12, 'Lupis', 'barang', '0', '4000', '25000', 1);

-- --------------------------------------------------------

--
-- Table structure for table `kasir`
--

CREATE TABLE `kasir` (
  `id_kasir` int(11) NOT NULL,
  `nama_kasir` varchar(50) NOT NULL,
  `telp_kasir` varchar(20) NOT NULL,
  `user_kasir` varchar(50) NOT NULL,
  `pass_kasir` varchar(100) NOT NULL,
  `foto_kasir` text NOT NULL,
  `id_adm` int(11) NOT NULL
) ENGINE=InnoDB DEFAULT CHARSET=latin1;

--
-- Dumping data for table `kasir`
--

INSERT INTO `kasir` (`id_kasir`, `nama_kasir`, `telp_kasir`, `user_kasir`, `pass_kasir`, `foto_kasir`, `id_adm`) VALUES
(1, 'Test Kasir', '0210181928', 'kasir', 'password', '06062019071454r.jpg', 1);

-- --------------------------------------------------------

--
-- Table structure for table `konsumen`
--

CREATE TABLE `konsumen` (
  `id_kon` int(11) NOT NULL,
  `nama_kon` varchar(50) NOT NULL,
  `telp_kon` varchar(20) NOT NULL,
  `alamat_kon` text NOT NULL
) ENGINE=InnoDB DEFAULT CHARSET=latin1;

--
-- Dumping data for table `konsumen`
--

INSERT INTO `konsumen` (`id_kon`, `nama_kon`, `telp_kon`, `alamat_kon`) VALUES
(0, 'Umum', '0', '-'),
(3, 'Test Konsumen', '012391839', 'Bekasi');

-- --------------------------------------------------------

--
-- Table structure for table `supplier`
--

CREATE TABLE `supplier` (
  `id_spl` int(11) NOT NULL,
  `nama_spl` varchar(50) NOT NULL,
  `telp_spl` varchar(20) NOT NULL,
  `alamat_spl` text NOT NULL
) ENGINE=InnoDB DEFAULT CHARSET=latin1;

--
-- Dumping data for table `supplier`
--

INSERT INTO `supplier` (`id_spl`, `nama_spl`, `telp_spl`, `alamat_spl`) VALUES
(2, 'Test Supplier', '08129828919', 'Bekasi'),
(3, 'Widi', '089605447878', 'Bekasi\r\n'),
(4, 'Kusuma', '085233145447', 'jember');

-- --------------------------------------------------------

--
-- Table structure for table `tmp_trx`
--

CREATE TABLE `tmp_trx` (
  `id_tmp` int(11) NOT NULL,
  `id_trx` varchar(20) NOT NULL,
  `id_brg` int(11) NOT NULL,
  `jml` int(11) NOT NULL,
  `id_kasir` int(11) NOT NULL,
  `status` varchar(20) NOT NULL
) ENGINE=InnoDB DEFAULT CHARSET=latin1;

--
-- Dumping data for table `tmp_trx`
--

INSERT INTO `tmp_trx` (`id_tmp`, `id_trx`, `id_brg`, `jml`, `id_kasir`, `status`) VALUES
(2, '02062019094643', 4, 1, 1, 'Done'),
(4, '02062019094643', 1, 2, 1, 'Done'),
(7, '02062019120923', 4, 1, 1, 'Done'),
(8, '02062019121127', 4, 1, 1, 'Done'),
(10, '06062019094346', 1, 1, 1, 'Done'),
(11, '06062019100803', 4, 1, 1, 'Done'),
(12, '18052020101926', 1, 5, 1, 'Done'),
(13, '18052020101926', 6, 1, 1, 'Done');

-- --------------------------------------------------------

--
-- Table structure for table `trx`
--

CREATE TABLE `trx` (
  `id_trx` varchar(20) NOT NULL,
  `id_kon` int(11) NOT NULL,
  `tgl_trx` date NOT NULL,
  `total` varchar(20) NOT NULL,
  `id_kasir` int(11) NOT NULL
) ENGINE=InnoDB DEFAULT CHARSET=latin1;

--
-- Dumping data for table `trx`
--

INSERT INTO `trx` (`id_trx`, `id_kon`, `tgl_trx`, `total`, `id_kasir`) VALUES
('02062019094643', 0, '2019-06-02', '100000', 1),
('02062019120923', 3, '2019-06-02', '30000', 1),
('02062019121127', 0, '2019-06-02', '30000', 1),
('06062019094346', 0, '2019-06-06', '35000', 1),
('06062019100803', 3, '2019-06-06', '30000', 1),
('18052020101926', 0, '2020-05-18', '220000', 1);

-- --------------------------------------------------------

--
-- Table structure for table `trxbarang`
--

CREATE TABLE `trxbarang` (
  `id_trxbrg` varchar(20) NOT NULL,
  `tgl_trxbrg` date NOT NULL,
  `id_brg` int(11) NOT NULL,
  `id_spl` int(11) NOT NULL,
  `jml_brg` int(11) NOT NULL,
  `ket_trxbrg` text NOT NULL
) ENGINE=InnoDB DEFAULT CHARSET=latin1;

--
-- Dumping data for table `trxbarang`
--

INSERT INTO `trxbarang` (`id_trxbrg`, `tgl_trxbrg`, `id_brg`, `id_spl`, `jml_brg`, `ket_trxbrg`) VALUES
('00365602062019', '2019-06-02', 1, 3, 10, 'Oli'),
('04184902062019', '2019-06-02', 5, 2, 5, 'suspensi'),
('04190502062019', '2019-06-02', 1, 3, 5, 'masuk lagi'),
('10132318052020', '2020-05-18', 6, 4, 50, 'mantab'),
('13104318052020', '2020-05-18', 5, 2, 2, 'Enak');

--
-- Indexes for dumped tables
--

--
-- Indexes for table `admin`
--
ALTER TABLE `admin`
  ADD PRIMARY KEY (`id_adm`);

--
-- Indexes for table `barangjasa`
--
ALTER TABLE `barangjasa`
  ADD PRIMARY KEY (`id_brg`);

--
-- Indexes for table `kasir`
--
ALTER TABLE `kasir`
  ADD PRIMARY KEY (`id_kasir`);

--
-- Indexes for table `konsumen`
--
ALTER TABLE `konsumen`
  ADD PRIMARY KEY (`id_kon`);

--
-- Indexes for table `supplier`
--
ALTER TABLE `supplier`
  ADD PRIMARY KEY (`id_spl`);

--
-- Indexes for table `tmp_trx`
--
ALTER TABLE `tmp_trx`
  ADD PRIMARY KEY (`id_tmp`);

--
-- Indexes for table `trx`
--
ALTER TABLE `trx`
  ADD PRIMARY KEY (`id_trx`);

--
-- Indexes for table `trxbarang`
--
ALTER TABLE `trxbarang`
  ADD PRIMARY KEY (`id_trxbrg`);

--
-- AUTO_INCREMENT for dumped tables
--

--
-- AUTO_INCREMENT for table `admin`
--
ALTER TABLE `admin`
  MODIFY `id_adm` int(11) NOT NULL AUTO_INCREMENT, AUTO_INCREMENT=2;

--
-- AUTO_INCREMENT for table `barangjasa`
--
ALTER TABLE `barangjasa`
  MODIFY `id_brg` int(11) NOT NULL AUTO_INCREMENT, AUTO_INCREMENT=13;

--
-- AUTO_INCREMENT for table `kasir`
--
ALTER TABLE `kasir`
  MODIFY `id_kasir` int(11) NOT NULL AUTO_INCREMENT, AUTO_INCREMENT=4;

--
-- AUTO_INCREMENT for table `konsumen`
--
ALTER TABLE `konsumen`
  MODIFY `id_kon` int(11) NOT NULL AUTO_INCREMENT, AUTO_INCREMENT=4;

--
-- AUTO_INCREMENT for table `supplier`
--
ALTER TABLE `supplier`
  MODIFY `id_spl` int(11) NOT NULL AUTO_INCREMENT, AUTO_INCREMENT=5;

--
-- AUTO_INCREMENT for table `tmp_trx`
--
ALTER TABLE `tmp_trx`
  MODIFY `id_tmp` int(11) NOT NULL AUTO_INCREMENT, AUTO_INCREMENT=14;
COMMIT;

/*!40101 SET CHARACTER_SET_CLIENT=@OLD_CHARACTER_SET_CLIENT */;
/*!40101 SET CHARACTER_SET_RESULTS=@OLD_CHARACTER_SET_RESULTS */;
/*!40101 SET COLLATION_CONNECTION=@OLD_COLLATION_CONNECTION */;
